1,Paddefield, Sharity,spaddefield0@typepad.com,128.98.148.201
3,Toke, Dominic,dtoke2@hubpages.com,145.143.182.3
5,Guyver, Dyna,dguyver4@blogtalkradio.com,155.217.78.82
6,Seeborne, Rebecka,rseeborne5@blogger.com,73.237.244.7
7,Obell, Nettie,nobell6@nifty.com,187.3.9.242
8,Davidove, Susan,sdavidove7@opensource.org,156.0.20.227
9,Pavelka, Malanie,mpavelka8@guardian.co.uk,173.48.91.81
10,Heineking, Maurene,mheineking9@ow.ly,55.66.130.99
11,Dono, Gerta,gdonoa@fastcompany.com,54.215.242.27
12,Tomenson, Abbott,atomensonb@etsy.com,105.235.37.155
13,Gianasi, Pooh,pgianasic@salon.com,0.199.118.112
15,Eckley, Hannie,heckleye@plala.or.jp,30.228.196.103
17,Kikke, Dex,dkikkeg@i2i.jp,131.9.116.119
18,Kelland, Cynthea,ckellandh@wp.com,89.195.113.127
19,Caddie, Teodoro,tcaddiei@csmonitor.com,175.203.235.87
20,Bernardot, Arlinda,abernardotj@technorati.com,76.107.43.41
21,Planke, Pammi,pplankek@cyberchimps.com,164.112.255.142
23,Pelzer, Tilda,tpelzerm@pagesperso-orange.fr,199.114.171.215
25,Chirm, Cassie,cchirmo@nbcnews.com,240.107.65.132
26,Davage, Frank,fdavagep@mapy.cz,45.83.114.153
27,Downton, Gabi,gdowntonq@reuters.com,168.192.1.121
29,Misselbrook, Kathi,kmisselbrooks@constantcontact.com,151.34.134.149
31,Brou, Prentiss,pbrouu@sohu.com,13.56.13.79
32,Snipe, Sarine,ssnipev@examiner.com,164.76.159.11
33,D'Onise, Gus,gdonisew@live.com,254.156.8.14
35,La Batie, Nerita,nlabatiey@yale.edu,46.108.76.178
37,Ahearne, Tallou,tahearne10@infoseek.co.jp,27.21.124.80
39,Slyde, Nehemiah,nslyde12@tinyurl.com,104.206.194.65
41,Jzak, Stanley,sjzak14@google.fr,188.161.54.64
42,Harker, Jerrome,jharker15@miibeian.gov.cn,212.149.161.247
43,Bugbird, Fransisco,fbugbird16@wufoo.com,88.225.67.6
44,Meeron, Mariele,mmeeron17@spotify.com,171.173.72.16
45,Insall, Trevor,tinsall18@apple.com,99.235.79.139
47,Drain, Pennie,pdrain1a@kickstarter.com,25.117.5.109
48,Gingel, Midge,mgingel1b@twitpic.com,158.3.53.91
49,Pleager, Brandy,bpleager1c@usgs.gov,200.141.235.210
50,Pendrey, Christine,cpendrey1d@printfriendly.com,186.118.123.179
51,Juza, Onofredo,ojuza1e@ezinearticles.com,6.48.145.140
52,Minard, Nancie,nminard1f@bbb.org,158.9.207.231
53,Pantlin, Haskel,hpantlin1g@biglobe.ne.jp,47.205.203.179
55,Treagust, Arvin,atreagust1i@photobucket.com,211.251.110.244
57,Aloigi, Norbie,naloigi1k@europa.eu,52.71.22.47
58,Sacher, Celeste,csacher1l@walmart.com,150.196.120.68
59,Golthorpp, Granger,ggolthorpp1m@intel.com,221.87.179.92
61,Benito, Demetria,dbenito1o@nifty.com,32.140.67.178
63,Mc Cahey, Neville,nmccahey1q@whitehouse.gov,69.227.182.224
64,Leek, Bethany,bleek1r@indiegogo.com,23.99.12.168
65,Scollan, April,ascollan1s@t.co,203.14.131.53
67,Klimontovich, Sibelle,sklimontovich1u@telegraph.co.uk,129.9.97.19
68,Dana, Ella,edana1v@tripod.com,154.75.128.247
69,Loadwick, Francesca,floadwick1w@tamu.edu,80.208.11.29
70,Culpan, Barb,bculpan1x@usatoday.com,241.40.99.61
71,Botton, Livia,lbotton1y@dion.ne.jp,45.172.153.85
73,Guile, Tabb,tguile20@cam.ac.uk,2.98.133.38
74,Tuff, Kary,ktuff21@narod.ru,99.210.217.104
75,Tippler, Vanya,vtippler22@ucla.edu,234.26.84.152
76,Brakespear, Tarah,tbrakespear23@tinypic.com,137.26.184.198
77,Lidgely, Vitoria,vlidgely24@example.com,43.222.119.168
78,Ayton, Lynea,layton25@zdnet.com,80.72.6.237
79,Gomery, Karna,kgomery26@quantcast.com,65.186.233.252
80,Walenta, Cheryl,cwalenta27@about.me,162.103.140.95
81,Haldin, Berna,bhaldin28@indiatimes.com,242.89.239.5
83,Illesley, Drusi,dillesley2a@google.cn,199.145.96.127
84,Semerad, Archambault,asemerad2b@wordpress.org,110.120.242.92
85,Force, Milt,mforce2c@drupal.org,2.87.111.180
87,Twine, Shelbi,stwine2e@reddit.com,106.166.140.85
89,Berceros, Horacio,hberceros2g@1und1.de,25.98.11.176
90,Glidder, Abbi,aglidder2h@adobe.com,190.100.114.90
91,Tulloch, Guillaume,gtulloch2i@java.com,173.250.10.158
93,Ashingden, Ardeen,aashingden2k@scribd.com,0.118.73.3
94,Geelan, Emyle,egeelan2l@merriam-webster.com,31.24.104.213
95,Skrine, Darren,dskrine2m@free.fr,222.232.114.229
96,Guarnier, Emogene,eguarnier2n@google.fr,17.10.16.173
97,Gosford, Raphael,rgosford2o@admin.ch,199.199.157.189
99,McDonand, Chloe,cmcdonand2q@sogou.com,101.23.144.49
100,Bilsborrow, Christyna,cbilsborrow2r@tripod.com,55.19.137.134
2001,Larimer, Karl,klarimer0@ow.ly,3.215.162.90
2003,Gouldthorpe, Maddie,mgouldthorpe2@aboutads.info,110.64.119.64
2005,Denney, Heddi,hdenney4@biblegateway.com,92.159.134.73
2007,Gurdon, Adan,agurdon6@123-reg.co.uk,243.123.178.202
2009,Schowenburg, Chilton,cschowenburg8@census.gov,172.251.120.249
2011,Dudbridge, Libby,ldudbridgea@narod.ru,242.0.16.8
2013,Kellert, Virgie,vkellertc@yelp.com,31.248.98.185
2014,O'Heaney, Melisande,moheaneyd@newsvine.com,70.66.234.150
2015,Muffen, Jamima,jmuffene@engadget.com,240.143.31.143
2016,Nelius, Janith,jneliusf@ehow.com,230.209.18.144
2017,Bramich, Eugen,ebramichg@hc360.com,79.28.214.157
2019,Blais, Rona,rblaisi@joomla.org,113.78.108.211
2021,Guiducci, Crista,cguiduccik@virginia.edu,78.207.235.172
2022,Beckhurst, Janeva,jbeckhurstl@edublogs.org,33.87.165.53
2023,Allsepp, Clea,callseppm@scribd.com,148.43.17.119
2025,Sigars, Teri,tsigarso@google.co.jp,39.14.41.124
2026,Stannering, Dulcie,dstanneringp@cam.ac.uk,75.39.217.0
2027,Jerrans, Annabela,ajerransq@google.com.au,64.24.70.130
2029,O'Codihie, Allyson,aocodihies@uiuc.edu,194.45.51.163
2030,Adame, Billye,badamet@hexun.com,189.233.8.244
2031,Carloni, Murielle,mcarloniu@epa.gov,159.177.205.247
2032,Yakubovics, Marlane,myakubovicsv@jalbum.net,169.222.171.130
2033,Keslake, Alain,akeslakew@mediafire.com,114.243.196.229
2034,Sayles, Simona,ssaylesx@usnews.com,95.66.148.90
2035,Maraga, Vivi,vmaragay@fotki.com,252.176.215.4
2036,Milella, Jenifer,jmilellaz@desdev.cn,138.184.222.41
2037,Campo, Gavin,gcampo10@google.com,195.215.203.217
2038,MacCaughan, Guillemette,gmaccaughan11@vimeo.com,203.61.109.51
2039,Copson, Patin,pcopson12@storify.com,240.91.95.21
2041,Jory, Yank,yjory14@utexas.edu,200.130.83.9
2043,Doog, Hercules,hdoog16@phpbb.com,209.186.62.150
2044,Yarrall, Barbabra,byarrall17@liveinternet.ru,98.230.151.167
2045,Tyrie, Zabrina,ztyrie18@indiatimes.com,174.98.241.239
2047,Volk, Clary,cvolk1a@shinystat.com,52.112.224.219
2049,Carik, Culver,ccarik1c@istockphoto.com,18.203.52.138
2051,Pigden, Pearline,ppigden1e@springer.com,109.246.115.165
2053,Hupe, Reider,rhupe1g@paginegialle.it,168.48.125.99
2055,Thurlbeck, Devora,dthurlbeck1i@linkedin.com,145.32.177.96
2056,Dowzell, Charyl,cdowzell1j@wisc.edu,136.43.161.179
2057,Blay, Greta,gblay1k@wisc.edu,187.187.221.92
2059,Demange, Jarrett,jdemange1m@symantec.com,116.252.241.54
2061,Devonport, Feodor,fdevonport1o@pen.io,15.120.60.85
2063,Proschke, Donni,dproschke1q@nba.com,139.181.98.151
2064,Andrzejewski, Wendi,wandrzejewski1r@google.fr,120.41.128.230
2065,Grinnell, Garfield,ggrinnell1s@epa.gov,112.216.110.1
2066,Ferri, Pietra,pferri1t@mlb.com,217.179.244.214
2067,Timlin, June,jtimlin1u@macromedia.com,88.61.39.133
2069,Bembrigg, Nannette,nbembrigg1w@google.it,239.17.243.73
2070,Copestick, Abagail,acopestick1x@rakuten.co.jp,250.136.95.8
2071,Hrachovec, Charlotte,chrachovec1y@opera.com,232.212.41.174
2072,Dillestone, Teresita,tdillestone1z@drupal.org,113.64.174.206
2073,Eberdt, Nichols,neberdt20@parallels.com,241.203.48.210
2074,Fautley, Basilius,bfautley21@rediff.com,118.0.164.228
2075,Quartley, Umeko,uquartley22@squidoo.com,60.115.35.0
2076,Daburn, Gerri,gdaburn23@tmall.com,96.196.77.214
2077,Nassau, Matteo,mnassau24@amazon.co.uk,50.164.174.7
2078,Hane, Dominique,dhane25@tuttocitta.it,3.143.33.179
2079,Marzella, Mayer,mmarzella26@mtv.com,156.199.137.9
2081,Loughead, Decca,dloughead28@odnoklassniki.ru,18.88.147.196
2083,Scatchard, Rafi,rscatchard2a@slate.com,195.28.82.221
2085,Jowsey, Nevil,njowsey2c@gmpg.org,141.208.98.76
2086,Shearman, Emmaline,eshearman2d@seesaa.net,102.224.183.35
2087,Hallahan, Gabby,ghallahan2e@simplemachines.org,83.145.78.223
2088,Martinyuk, Alia,amartinyuk2f@omniture.com,50.18.82.21
2089,Jurczik, Nickey,njurczik2g@naver.com,170.82.98.145
2091,Illiston, Andreana,ailliston2i@dyndns.org,217.8.138.82
2093,Emerson, Orelee,oemerson2k@fastcompany.com,103.127.228.93
2095,Leete, Ynes,yleete2m@wordpress.org,52.215.229.123
2097,Lipyeat, Nata,nlipyeat2o@businessinsider.com,76.243.79.148
2098,Mitrikhin, Fern,fmitrikhin2p@yale.edu,15.233.208.246
2099,Pohl, Armstrong,apohl2q@ustream.tv,136.172.160.15
2100,Bartholomew, Hyacinthe,hbartholomew2r@constantcontact.com,223.18.234.117
